config_id,control,delta,p,K,radius_fraction,eta,h,omega,w,d,a,quadrature_nodes,capacity_threshold,scaled_threshold,capacity_mass,capacity_mass_error,dimensionless_mass_balance,regret,normalized_regret,radius_temperature_normalized_regret,limiting_constant,endpoint_score_margin,analytic_global_slope_lower_bound
delta0.5_K32_radius0_common,common,0.5,1.5,32,0.0,0.0,0.0,0.00017263349150062197,0.9998273814096605,0.0,0.0,128,0.0,,0.5,0.0,0.0,0.0,,,0.005208333333333332,0.9996646914541165,0.9988516228040389
delta0.5_K32_radius1_aligned,aligned,0.5,1.5,32,1.0,0.02500000000000001,0.06195842019672743,0.00017263349150062197,0.9998273814096605,0.0010950913947249024,0.0010952804604940191,128,0.0,0.0,0.5,0.0,0.0,0.0,0.0,0.0,0.005208333333333332,0.9985701345400029,0.9977543932549022
delta0.5_K32_radius1_transverse,transverse,0.5,1.5,32,1.0,0.02500000000000001,0.06195842019672743,0.00017263349150062197,0.9998273814096605,0.0010950913947249024,0.0010952804604940191,128,0.0,0.0,0.5,0.0,-7.914675859144182e-18,9.996994057158362e-08,0.9999999997657738,0.005118460957265078,0.005208333333333332,0.9985699563952619,0.9988505537268331
delta0.5_K32_radius0.125_aligned,aligned,0.5,1.5,32,0.125,0.003125000000000001,0.007744802524590929,0.00017263349150062197,0.9998273814096605,0.0001368864243406128,0.0001369100575617524,128,0.0,0.0,0.49999999999999994,5.551115123125783e-17,8.109141464091473e-13,3.0814879110195774e-33,1.9727452585394273e-24,1.0097419586828944e-26,0.005208333333333332,0.9995278718398523,0.9987144691103969
delta0.5_K32_radius0.125_transverse,transverse,0.5,1.5,32,0.125,0.003125000000000001,0.007744802524590929,0.00017263349150062197,0.9998273814096605,0.0001368864243406128,0.0001369100575617524,128,0.0,0.0,0.5,0.0,4.445228907190568e-18,1.5620303217911784e-09,0.999999999996361,0.005118460958445329,0.005208333333333332,0.9995278495717597,0.9988514891693882
delta0.5_K32_radius0.015625_aligned,aligned,0.5,1.5,32,0.015625,0.00039062500000000013,0.0009681003155738661,0.00017263349150062197,0.9998273814096605,1.71108030425766e-05,1.711375719521905e-05,128,0.0,0.0,0.5,0.0,0.0,0.0,0.0,0.0,0.005208333333333332,0.9996475890023335,0.9988344785923337
delta0.5_K32_radius0.015625_transverse,transverse,0.5,1.5,32,0.015625,0.00039062500000000013,0.0009681003155738661,0.00017263349150062197,0.9998273814096605,1.71108030425766e-05,1.711375719521905e-05,128,0.0,0.0,0.5,0.0,-3.2742905609062234e-17,2.4406723778075105e-11,0.9999999999999641,0.005118460958463773,0.005208333333333332,0.9996475862188219,0.9988516060997076
delta0.5_K128_radius0_common,common,0.5,1.5,128,0.0,0.0,0.0,2.1579186437577746e-05,0.9999784210463931,0.0,0.0,128,0.0,,0.5,0.0,0.0,0.0,,,0.005208333333333332,0.9999682489054253,0.9999173896906054
delta0.5_K128_radius1_aligned,aligned,0.5,1.5,128,1.0,0.02500000000000001,0.06230718827862129,2.1579186437577746e-05,0.9999784210463931,0.0005507110577029635,0.0005507229417277733,128,0.0,0.0,0.5,0.0,0.0,0.0,0.0,0.0,0.005208333333333332,0.9994175546536342,0.9993666114087992
delta0.5_K128_radius1_transverse,transverse,0.5,1.5,128,1.0,0.02500000000000001,0.06230718827862129,2.1579186437577746e-05,0.9999784210463931,0.0005507110577029635,0.0005507229417277733,128,-1.2228241923550064e-19,-2.220446049250313e-16,0.5,0.0,-2.282245573081987e-16,2.5274646545347988e-08,0.9999999999963187,0.005176247612487264,0.005208333333333332,0.999417549051694,0.9999173560785538
delta0.5_K128_radius0.125_aligned,aligned,0.5,1.5,128,0.125,0.003125000000000001,0.0077883985348276615,2.1579186437577746e-05,0.9999784210463931,6.883888221287043e-05,6.884036771597166e-05,128,0.0,0.0,0.5,0.0,0.0,0.0,0.0,0.0,0.005208333333333332,0.9998994121239515,0.9998485424053796
delta0.5_K128_radius0.125_transverse,transverse,0.5,1.5,128,0.125,0.003125000000000001,0.0077883985348276615,2.1579186437577746e-05,0.9999784210463931,6.883888221287043e-05,6.884036771597166e-05,128,0.0,0.0,0.5,0.0,-8.673617379884035e-18,3.949163522725016e-10,0.9999999999999635,0.005176247612506129,0.005208333333333332,0.999899411423709,0.9999173854890989
delta0.5_K128_radius0.015625_aligned,aligned,0.5,1.5,128,0.015625,0.00039062500000000013,0.0009735498168534577,2.1579186437577746e-05,0.9999784210463931,8.604860276608804e-06,8.605045964496457e-06,128,0.0,0.0,0.5,0.0,0.0,0.0,0.0,0.0,0.005208333333333332,0.9999596443077411,0.9999087837799522
delta0.5_K128_radius0.015625_transverse,transverse,0.5,1.5,128,0.015625,0.00039062500000000013,0.0009735498168534577,2.1579186437577746e-05,0.9999784210463931,8.604860276608804e-06,8.605045964496457e-06,128,0.0,0.0,0.5,0.0,-2.981555974335137e-17,6.170568004258044e-12,0.9999999999999969,0.005176247612506303,0.005208333333333332,0.9999596442202108,0.9999173891654171
delta0.5_K512_radius0_common,common,0.5,1.5,512,0.0,0.0,0.0,2.6973983046972182e-06,0.9999973026053333,0.0,0.0,128,0.0,,0.5,0.0,0.0,0.0,,,0.005208333333333332,0.999996666824817,0.9999934879280586
delta0.5_K512_radius1_aligned,aligned,0.5,1.5,512,1.0,0.02500000000000001,0.06243166110563332,2.6973983046972182e-06,0.9999973026053333,0.0002759108240599394,0.0002759115683023322,128,0.0,0.0,0.5,0.0,0.0,0.0,0.0,0.0,0.005208333333333332,0.9997207565270143,0.9997175749989688
delta0.5_K512_radius1_transverse,transverse,0.5,1.5,512,1.0,0.02500000000000001,0.06243166110563332,2.6973983046972182e-06,0.9999973026053333,0.0002759108240599394,0.0002759115683023322,128,0.0,0.0,0.5,0.0,1.1926223897340549e-17,6.343932793587478e-09,0.9999999999999631,0.005196949744506858,0.005208333333333332,0.9997207563515953,0.9999934868755437
delta0.5_K512_radius0.125_aligned,aligned,0.5,1.5,512,0.125,0.003125000000000001,0.007803957638204165,2.6973983046972182e-06,0.9999973026053333,3.4488853007492426e-05,3.448894603779153e-05,128,0.0,0.0,0.5,0.0,0.0,0.0,0.0,0.0,0.005208333333333332,0.9999621780375917,0.9999589988119224
delta0.5_K512_radius0.125_transverse,transverse,0.5,1.5,512,0.125,0.003125000000000001,0.007803957638204165,2.6973983046972182e-06,0.9999973026053333,3.4488853007492426e-05,3.448894603779153e-05,128,-7.658063740366134e-21,-2.220446049250313e-16,0.5,0.0,1.4690939437178585e-16,9.912394989980768e-11,0.9999999999999968,0.0051969497445070335,0.005208333333333332,0.9999621780156643,0.9999934877964943
delta0.5_K512_radius0.015625_aligned,aligned,0.5,1.5,512,0.015625,0.00039062500000000013,0.0009754947047755206,2.6973983046972182e-06,0.9999973026053333,4.311106625936553e-06,4.311118254723941e-06,128,0.0,0.0,0.5,0.0,0.0,0.0,0.0,0.0,0.005208333333333332,0.9999923557264139,0.9999891767885416
delta0.5_K512_radius0.015625_transverse,transverse,0.5,1.5,512,0.015625,0.00039062500000000013,0.0009754947047755206,2.6973983046972182e-06,0.9999973026053333,4.311106625936553e-06,4.311118254723941e-06,128,0.0,0.0,0.5,0.0,-1.2685165418080402e-17,1.5488117171845317e-12,1.0000000000000204,0.005196949744507157,0.005208333333333332,0.999992355723673,0.9999934879116131
delta1_K32_radius0_common,common,1.0,2.0,32,0.0,0.0,0.0,3.0517578125e-05,0.9999694828875363,0.0,0.0,128,0.0,,0.49999999999999994,5.551115123125783e-17,1.1102230246251565e-16,3.0814879110195774e-33,,,0.0013020833333333333,0.9998067698095178,0.998993585601236
delta1_K32_radius1_aligned,aligned,1.0,2.0,32,1.0,0.05,0.062499046318407525,3.0517578125e-05,0.9999694828875363,0.00019530355937149617,0.00019530951965407269,128,0.0,0.0,0.5,0.0,0.0,0.0,0.0,0.0,0.0013020833333333333,0.9996115615718393,0.9987979007137222
delta1_K32_radius1_transverse,transverse,1.0,2.0,32,1.0,0.05,0.062499046318407525,3.0517578125e-05,0.9999694828875363,0.00019530355937149617,0.00019530951965407269,128,0.0,0.0,0.5,0.0,1.235990476633475e-17,3.1788173722684395e-09,0.9999999999925724,0.0013020435956811525,0.0013020833333333333,0.9996115298006993,0.9989933949371649
delta1_K32_radius0.125_aligned,aligned,1.0,2.0,32,0.125,0.00625,0.007812380789800941,3.0517578125e-05,0.9999694828875363,2.441294492143702e-05,2.4413689956759086e-05,128,0.0,0.0,0.5,0.0,0.0,0.0,0.0,0.0,0.0013020833333333333,0.999782368779808,0.9989691249902968
delta1_K32_radius0.125_transverse,transverse,1.0,2.0,32,0.125,0.00625,0.007812380789800941,3.0517578125e-05,0.9999694828875363,2.441294492143702e-05,2.4413689956759086e-05,128,0.0,0.0,0.5,0.0,5.854691731421724e-18,4.966902144205857e-11,0.999999999999905,0.0013020435956907,0.0013020833333333333,0.9997823648084154,0.9989935617682271
delta1_K32_radius0.015625_aligned,aligned,1.0,2.0,32,0.015625,0.00078125,0.0009765475987251176,3.0517578125e-05,0.9999694828875363,3.0516181151796276e-06,3.0517112445948857e-06,128,0.0,0.0,0.5,0.0,0.0,0.0,0.0,0.0,0.0013020833333333333,0.9998037196808041,0.9989905280248685
delta1_K32_radius0.015625_transverse,transverse,1.0,2.0,32,0.015625,0.00078125,0.0009765475987251176,3.0517578125e-05,0.9999694828875363,3.0516181151796276e-06,3.0517112445948857e-06,128,0.0,0.0,0.5,0.0,-1.5612511283791264e-17,7.760784600322176e-13,0.9999999999999725,0.0013020435956907878,0.0013020833333333333,0.9998037191843799,0.9989935826221099
delta1_K128_radius0_common,common,1.0,2.0,128,0.0,0.0,0.0,1.9073486328125e-06,0.9999980926531862,0.0,0.0,128,0.0,,0.5,0.0,0.0,0.0,,,0.0013020833333333333,0.9999879203121118,0.9999370600967876
delta1_K128_radius1_aligned,aligned,1.0,2.0,128,1.0,0.05,0.0624999403953268,1.9073486328125e-06,0.9999980926531862,4.8827985301680426e-05,4.8828078433760254e-05,128,0.0,0.0,0.5,0.0,0.0,0.0,0.0,0.0,0.0013020833333333333,0.9999390938168816,0.9998882261511598
delta1_K128_radius1_transverse,transverse,1.0,2.0,128,1.0,0.05,0.0624999403953268,1.9073486328125e-06,0.9999980926531862,4.8827985301680426e-05,4.8828078433760254e-05,128,-1.0841990705596866e-20,-2.220446049250313e-16,0.5,0.0,-1.9526481126463935e-16,1.9868177029445242e-10,0.9999999999999941,0.001302080849801723,0.0013020833333333333,0.9999390933201938,0.9999370571166245
delta1_K128_radius0.125_aligned,aligned,1.0,2.0,128,0.125,0.00625,0.00781249254941585,1.9073486328125e-06,0.9999980926531862,6.103498162710053e-06,6.103509804220032e-06,128,0.0,0.0,0.5,0.0,0.0,0.0,0.0,0.0,0.0013020833333333333,0.999981817000208,0.9999309558535842
delta1_K128_radius0.125_transverse,transverse,1.0,2.0,128,0.125,0.00625,0.00781249254941585,1.9073486328125e-06,0.9999980926531862,6.103498162710053e-06,6.103509804220032e-06,128,0.0,0.0,0.5,0.0,4.640385298237959e-17,3.104402660850866e-12,1.000000000000009,0.0013020808498017428,0.0013020833333333333,0.999981816938122,0.9999370597242673
delta1_K128_radius0.015625_aligned,aligned,1.0,2.0,128,0.015625,0.00078125,0.0009765615686769813,1.9073486328125e-06,0.9999980926531862,7.629372703387567e-07,7.62938725527504e-07,128,0.0,0.0,0.5,0.0,0.0,0.0,0.0,0.0,0.0013020833333333333,0.9999871573981238,0.9999362970663872
delta1_K128_radius0.015625_transverse,transverse,1.0,2.0,128,0.015625,0.00078125,0.0009765615686769813,1.9073486328125e-06,0.9999980926531862,7.629372703387567e-07,7.62938725527504e-07,128,0.0,0.0,0.5,0.0,-1.8431436932253575e-17,4.850629157579535e-14,1.0000000000000209,0.001302080849801758,0.0013020833333333333,0.9999871573903631,0.9999370600502225
delta1_K512_radius0_common,common,1.0,2.0,512,0.0,0.0,0.0,1.1920928955078125e-07,0.9999998807907176,0.0,0.0,128,0.0,,0.5,0.0,0.0,0.0,,,0.0013020833333333333,0.9999992450085622,0.9999960661036079
delta1_K512_radius1_aligned,aligned,1.0,2.0,512,1.0,0.05,0.06249999627470959,1.1920928955078125e-07,0.9999998807907176,1.2207029067212782e-05,1.2207030522404132e-05,128,0.0,0.0,0.5,0.0,0.0,0.0,0.0,0.0,0.0013020833333333333,0.999987038002778,0.9999838589814086
delta1_K512_radius1_transverse,transverse,1.0,2.0,512,1.0,0.05,0.06249999627470959,1.1920928955078125e-07,0.9999998807907176,1.2207029067212782e-05,1.2207030522404132e-05,128,0.0,0.0,0.5,0.0,-2.6020852139652106e-18,1.2417632847909063e-11,1.0000000000000178,0.001302083178112909,0.0013020833333333333,0.999987037995017,0.9999960660570418
delta1_K512_radius0.125_aligned,aligned,1.0,2.0,512,0.125,0.00625,0.007812499534338699,1.1920928955078125e-07,0.9999998807907176,1.5258786334015978e-06,1.5258788153005165e-06,128,0.0,0.0,0.5,0.0,0.0,0.0,0.0,0.0,0.0013020833333333333,0.9999977191328392,0.999994540213333
delta1_K512_radius0.125_transverse,transverse,1.0,2.0,512,0.125,0.00625,0.007812499534338699,1.1920928955078125e-07,0.9999998807907176,1.5258786334015978e-06,1.5258788153005165e-06,128,0.0,0.0,0.5,0.0,1.2576745200831851e-17,1.9402551324857974e-13,1.000000000000021,0.0013020831781129134,0.0013020833333333333,0.9999977191318691,0.9999960660977871
delta1_K512_radius0.015625_aligned,aligned,1.0,2.0,512,0.015625,0.00078125,0.0009765624417923374,1.1920928955078125e-07,0.9999998807907176,1.9073482917519972e-07,1.9073485191256456e-07,128,0.0,0.0,0.5,0.0,0.0,0.0,0.0,0.0,0.0013020833333333333,0.9999990542740969,0.9999958753673236
delta1_K512_radius0.015625_transverse,transverse,1.0,2.0,512,0.015625,0.00078125,0.0009765624417923374,1.1920928955078125e-07,0.9999998807907176,1.9073482917519972e-07,1.9073485191256456e-07,128,0.0,0.0,0.5,0.0,3.3393426912553537e-17,3.0316486445090577e-15,1.000000000000021,0.001302083178112913,0.0013020833333333333,0.9999990542739755,0.9999960661028803
